{
    "total_profit": 1610.5,
    "reinvested": 1288.3999999999994,
    "family_fund": 322.09999999999985
}