{
    "total_profit": 884.25,
    "reinvested": 707.4000000000001,
    "family_fund": 176.85000000000002
}