{
    "total_profit": 2037.75,
    "reinvested": 1630.1999999999987,
    "family_fund": 407.54999999999967
}