{
    "total_profit": 585.25,
    "reinvested": 468.20000000000005,
    "family_fund": 117.05000000000001
}