{
    "total_profit": 233.0,
    "reinvested": 186.39999999999998,
    "family_fund": 46.599999999999994
}