{
    "total_profit": 1751.5,
    "reinvested": 1401.1999999999991,
    "family_fund": 350.2999999999998
}