{
    "total_profit": 2084.75,
    "reinvested": 1667.7999999999986,
    "family_fund": 416.94999999999965
}