{
    "total_profit": 3205.25,
    "reinvested": 2564.2000000000007,
    "family_fund": 641.0500000000002
}