{
    "total_profit": 2648.5,
    "reinvested": 2118.799999999999,
    "family_fund": 529.6999999999997
}