{
    "total_profit": 3252.0,
    "reinvested": 2601.6000000000017,
    "family_fund": 650.4000000000004
}