{
    "total_profit": 3149.0,
    "reinvested": 2519.2000000000003,
    "family_fund": 629.8000000000001
}