{
    "total_profit": 2178.75,
    "reinvested": 1742.9999999999984,
    "family_fund": 435.7499999999996
}