{
    "total_profit": 144.25,
    "reinvested": 115.39999999999999,
    "family_fund": 28.849999999999998
}