{
    "total_profit": 3264.75,
    "reinvested": 2611.800000000002,
    "family_fund": 652.9500000000005
}