{
    "total_profit": 2371.0,
    "reinvested": 1896.7999999999981,
    "family_fund": 474.19999999999953
}