{
    "total_profit": 2879.0,
    "reinvested": 2303.1999999999994,
    "family_fund": 575.7999999999998
}