{
    "total_profit": 3048.25,
    "reinvested": 2438.6000000000004,
    "family_fund": 609.6500000000001
}