{
    "total_profit": 2874.75,
    "reinvested": 2299.7999999999993,
    "family_fund": 574.9499999999998
}