{
    "total_profit": 2921.5,
    "reinvested": 2337.2000000000003,
    "family_fund": 584.3000000000001
}