{
    "total_profit": 655.0,
    "reinvested": 524.0000000000001,
    "family_fund": 131.00000000000003
}