{
    "total_profit": 2640.0,
    "reinvested": 2111.9999999999986,
    "family_fund": 527.9999999999997
}