{
    "total_profit": 2896.0,
    "reinvested": 2316.7999999999997,
    "family_fund": 579.1999999999999
}