{
    "total_profit": 3175.0,
    "reinvested": 2540.0000000000005,
    "family_fund": 635.0000000000001
}