{
    "total_profit": 875.75,
    "reinvested": 700.6000000000001,
    "family_fund": 175.15000000000003
}