{
    "total_profit": 3222.25,
    "reinvested": 2577.800000000001,
    "family_fund": 644.4500000000003
}