{
    "total_profit": 991.0,
    "reinvested": 792.8000000000001,
    "family_fund": 198.20000000000002
}