{
    "total_profit": 3209.5,
    "reinvested": 2567.600000000001,
    "family_fund": 641.9000000000002
}