{
    "total_profit": 3243.5,
    "reinvested": 2594.8000000000015,
    "family_fund": 648.7000000000004
}