{
    "total_profit": 1187.5,
    "reinvested": 950.0000000000001,
    "family_fund": 237.50000000000003
}