{
    "total_profit": 1892.5,
    "reinvested": 1513.9999999999989,
    "family_fund": 378.4999999999997
}