{
    "total_profit": 3192.0,
    "reinvested": 2553.600000000001,
    "family_fund": 638.4000000000002
}