{
    "total_profit": 2819.25,
    "reinvested": 2255.399999999999,
    "family_fund": 563.8499999999998
}