{
    "total_profit": 1093.5,
    "reinvested": 874.8000000000001,
    "family_fund": 218.70000000000002
}