{
    "total_profit": 2520.5,
    "reinvested": 2016.399999999998,
    "family_fund": 504.0999999999995
}