{
    "total_profit": 3277.5,
    "reinvested": 2622.0000000000023,
    "family_fund": 655.5000000000006
}