{
    "total_profit": 3153.25,
    "reinvested": 2522.6000000000004,
    "family_fund": 630.6500000000001
}