{
    "total_profit": 867.25,
    "reinvested": 693.8000000000002,
    "family_fund": 173.45000000000005
}