{
    "total_profit": 986.75,
    "reinvested": 789.4000000000001,
    "family_fund": 197.35000000000002
}