{
    "total_profit": 209.75,
    "reinvested": 167.79999999999998,
    "family_fund": 41.949999999999996
}