{
    "total_profit": 749.5,
    "reinvested": 599.6000000000001,
    "family_fund": 149.90000000000003
}