{
    "total_profit": 2866.25,
    "reinvested": 2292.999999999999,
    "family_fund": 573.2499999999998
}