{
    "total_profit": 3256.25,
    "reinvested": 2605.000000000002,
    "family_fund": 651.2500000000005
}