{
    "total_profit": 1469.5,
    "reinvested": 1175.5999999999997,
    "family_fund": 293.8999999999999
}