{
    "total_profit": 2644.25,
    "reinvested": 2115.3999999999987,
    "family_fund": 528.8499999999997
}