{
    "total_profit": 3123.5,
    "reinvested": 2498.7999999999997,
    "family_fund": 624.6999999999999
}