{
    "total_profit": 2943.25,
    "reinvested": 2354.6000000000004,
    "family_fund": 588.6500000000001
}