{
    "total_profit": 1516.5,
    "reinvested": 1213.1999999999996,
    "family_fund": 303.2999999999999
}