{
    "total_profit": 2974.0,
    "reinvested": 2379.2000000000003,
    "family_fund": 594.8000000000001
}