{
    "total_profit": 844.0,
    "reinvested": 675.2000000000002,
    "family_fund": 168.80000000000004
}