{
    "total_profit": 1375.5,
    "reinvested": 1100.3999999999999,
    "family_fund": 275.09999999999997
}