{
    "total_profit": 1140.5,
    "reinvested": 912.4000000000001,
    "family_fund": 228.10000000000002
}