{
    "total_profit": 2537.5,
    "reinvested": 2029.9999999999984,
    "family_fund": 507.4999999999996
}