{
    "total_profit": 3260.5,
    "reinvested": 2608.400000000002,
    "family_fund": 652.1000000000005
}