{
    "total_profit": 3247.75,
    "reinvested": 2598.2000000000016,
    "family_fund": 649.5500000000004
}