{
    "total_profit": 1234.5,
    "reinvested": 987.6000000000001,
    "family_fund": 246.90000000000003
}