{
    "total_profit": 3170.75,
    "reinvested": 2536.6000000000004,
    "family_fund": 634.1500000000001
}