{
    "total_profit": 2635.75,
    "reinvested": 2108.5999999999985,
    "family_fund": 527.1499999999996
}