{
    "total_profit": 1986.5,
    "reinvested": 1589.1999999999987,
    "family_fund": 397.29999999999967
}