{
    "total_profit": 3030.75,
    "reinvested": 2424.6000000000004,
    "family_fund": 606.1500000000001
}