{
    "total_profit": 2225.75,
    "reinvested": 1780.5999999999983,
    "family_fund": 445.1499999999996
}