{
    "total_profit": 2033.5,
    "reinvested": 1626.7999999999986,
    "family_fund": 406.69999999999965
}