{
    "total_profit": 2588.75,
    "reinvested": 2070.9999999999986,
    "family_fund": 517.7499999999997
}