{
    "total_profit": 2965.0,
    "reinvested": 2372.0000000000005,
    "family_fund": 593.0000000000001
}