{
    "total_profit": 982.5,
    "reinvested": 786.0000000000001,
    "family_fund": 196.50000000000003
}