{
    "total_profit": 2529.0,
    "reinvested": 2023.1999999999982,
    "family_fund": 505.79999999999956
}