{
    "total_profit": 1422.5,
    "reinvested": 1137.9999999999998,
    "family_fund": 284.49999999999994
}