{
    "total_profit": 3273.25,
    "reinvested": 2618.600000000002,
    "family_fund": 654.6500000000005
}