{
    "total_profit": 2755.25,
    "reinvested": 2204.199999999999,
    "family_fund": 551.0499999999997
}