{
    "total_profit": 2422.25,
    "reinvested": 1937.7999999999981,
    "family_fund": 484.44999999999953
}