{
    "total_profit": 3119.25,
    "reinvested": 2495.3999999999996,
    "family_fund": 623.8499999999999
}