{
    "total_profit": 1704.5,
    "reinvested": 1363.5999999999992,
    "family_fund": 340.8999999999998
}