{
    "total_profit": 2704.0,
    "reinvested": 2163.199999999999,
    "family_fund": 540.7999999999997
}