{
    "total_profit": 1845.5,
    "reinvested": 1476.399999999999,
    "family_fund": 369.09999999999974
}