{
    "total_profit": 631.75,
    "reinvested": 505.4000000000001,
    "family_fund": 126.35000000000002
}