{
    "total_profit": 1939.5,
    "reinvested": 1551.5999999999988,
    "family_fund": 387.8999999999997
}