{
    "total_profit": 2768.0,
    "reinvested": 2214.399999999999,
    "family_fund": 553.5999999999998
}