{
    "total_profit": 3044.0,
    "reinvested": 2435.2000000000003,
    "family_fund": 608.8000000000001
}