{
    "total_profit": 3239.25,
    "reinvested": 2591.4000000000015,
    "family_fund": 647.8500000000004
}