{
    "total_profit": 2939.0,
    "reinvested": 2351.2000000000003,
    "family_fund": 587.8000000000001
}