{
    "total_profit": 1563.5,
    "reinvested": 1250.7999999999995,
    "family_fund": 312.6999999999999
}