{
    "total_profit": 2272.75,
    "reinvested": 1818.1999999999982,
    "family_fund": 454.54999999999956
}