{
    "total_profit": 2891.75,
    "reinvested": 2313.3999999999996,
    "family_fund": 578.3499999999999
}