{
    "total_profit": 3230.75,
    "reinvested": 2584.6000000000013,
    "family_fund": 646.1500000000003
}