{
    "total_profit": 2956.5,
    "reinvested": 2365.2000000000003,
    "family_fund": 591.3000000000001
}