{
    "total_profit": 2426.5,
    "reinvested": 1941.1999999999982,
    "family_fund": 485.29999999999956
}