{
    "total_profit": 3157.5,
    "reinvested": 2526.0000000000005,
    "family_fund": 631.5000000000001
}