{
    "total_profit": 3213.75,
    "reinvested": 2571.000000000001,
    "family_fund": 642.7500000000002
}