{
    "total_profit": 871.5,
    "reinvested": 697.2000000000002,
    "family_fund": 174.30000000000004
}