{
    "total_profit": 3218.0,
    "reinvested": 2574.400000000001,
    "family_fund": 643.6000000000003
}