{
    "total_profit": 2524.75,
    "reinvested": 2019.7999999999981,
    "family_fund": 504.94999999999953
}