{
    "total_profit": 2533.25,
    "reinvested": 2026.5999999999983,
    "family_fund": 506.6499999999996
}