{
    "total_profit": 3166.5,
    "reinvested": 2533.2000000000003,
    "family_fund": 633.3000000000001
}