{
    "total_profit": 2883.25,
    "reinvested": 2306.5999999999995,
    "family_fund": 576.6499999999999
}