{
    "total_profit": 880.0,
    "reinvested": 704.0000000000001,
    "family_fund": 176.00000000000003
}