{
    "total_profit": 327.0,
    "reinvested": 261.59999999999997,
    "family_fund": 65.39999999999999
}