{
    "total_profit": 3226.5,
    "reinvested": 2581.200000000001,
    "family_fund": 645.3000000000003
}