{
    "total_profit": 2870.5,
    "reinvested": 2296.399999999999,
    "family_fund": 574.0999999999998
}