{
    "total_profit": 931.25,
    "reinvested": 745.0000000000001,
    "family_fund": 186.25000000000003
}