{
    "total_profit": 3269.0,
    "reinvested": 2615.200000000002,
    "family_fund": 653.8000000000005
}