{
    "total_profit": 2324.0,
    "reinvested": 1859.1999999999982,
    "family_fund": 464.79999999999956
}