{
    "total_profit": 2887.5,
    "reinvested": 2309.9999999999995,
    "family_fund": 577.4999999999999
}