{
    "total_profit": 3026.5,
    "reinvested": 2421.2000000000003,
    "family_fund": 605.3000000000001
}