{
    "total_profit": 2418.0,
    "reinvested": 1934.399999999998,
    "family_fund": 483.5999999999995
}