{
    "total_profit": 2925.75,
    "reinvested": 2340.6000000000004,
    "family_fund": 585.1500000000001
}