{
    "total_profit": 1798.5,
    "reinvested": 1438.799999999999,
    "family_fund": 359.69999999999976
}