{
    "total_profit": 2541.75,
    "reinvested": 2033.3999999999985,
    "family_fund": 508.3499999999996
}