{
    "total_profit": 3201.0,
    "reinvested": 2560.8000000000006,
    "family_fund": 640.2000000000002
}