{
    "total_profit": 3179.25,
    "reinvested": 2543.4000000000005,
    "family_fund": 635.8500000000001
}