{
    "total_profit": 2759.5,
    "reinvested": 2207.599999999999,
    "family_fund": 551.8999999999997
}