{
    "total_profit": 2319.75,
    "reinvested": 1855.7999999999981,
    "family_fund": 463.94999999999953
}