{
    "total_profit": 2652.75,
    "reinvested": 2122.199999999999,
    "family_fund": 530.5499999999997
}