{
    "total_profit": 2131.75,
    "reinvested": 1705.3999999999985,
    "family_fund": 426.3499999999996
}