{
    "total_profit": 3235.0,
    "reinvested": 2588.0000000000014,
    "family_fund": 647.0000000000003
}