{
    "total_profit": 2473.5,
    "reinvested": 1978.7999999999981,
    "family_fund": 494.69999999999953
}