{
    "total_profit": 2763.75,
    "reinvested": 2210.999999999999,
    "family_fund": 552.7499999999998
}