{
    "total_profit": 2657.0,
    "reinvested": 2125.599999999999,
    "family_fund": 531.3999999999997
}