{
    "total_profit": 2751.0,
    "reinvested": 2200.799999999999,
    "family_fund": 550.1999999999997
}