{
    "total_profit": 2772.25,
    "reinvested": 2217.7999999999993,
    "family_fund": 554.4499999999998
}