{
    "total_profit": 3035.0,
    "reinvested": 2428.0000000000005,
    "family_fund": 607.0000000000001
}