{
    "total_profit": 978.25,
    "reinvested": 782.6000000000001,
    "family_fund": 195.65000000000003
}