{
    "total_profit": 3187.75,
    "reinvested": 2550.2000000000007,
    "family_fund": 637.5500000000002
}