{
    "total_profit": 608.5,
    "reinvested": 486.80000000000007,
    "family_fund": 121.70000000000002
}