{
    "total_profit": 3183.5,
    "reinvested": 2546.8000000000006,
    "family_fund": 636.7000000000002
}