{
    "total_profit": 280.0,
    "reinvested": 223.99999999999997,
    "family_fund": 55.99999999999999
}