{
    "total_profit": 2960.75,
    "reinvested": 2368.6000000000004,
    "family_fund": 592.1500000000001
}