{
    "total_profit": 1657.5,
    "reinvested": 1325.9999999999993,
    "family_fund": 331.49999999999983
}